team_name,team code,rank,GP,W,D,L,F,A,GD,P,season_end_year,payroll_GBP,season_avg
Arsenal,ARS,4,38,21,10,7,72,37,35,73,2013,154000000,89100000
Aston Villa,AVL,15,38,10,11,17,47,69,-22,41,2013,72000000,89100000
Chelsea,CHE,3,38,22,9,7,75,39,36,75,2013,179000000,89100000
Everton,EVE,6,38,16,15,7,55,40,15,63,2013,63000000,89100000
Fulham,FUL,12,38,11,10,17,50,60,-10,43,2013,67000000,89100000
Liverpool,LIV,7,38,16,13,9,71,43,28,61,2013,132000000,89100000
Manchester United,MAN,1,38,28,5,5,86,43,43,89,2013,181000000,89100000
Manchester City,MNC,2,38,23,9,6,66,34,32,78,2013,233000000,89100000
Newcastle United,NEW,16,38,11,8,19,45,68,-23,41,2013,62000000,89100000
Norwich City,NOR,11,38,10,14,14,41,58,-17,44,2013,51000000,89100000
Queens Park Rangers,QPR,20,38,4,13,21,30,60,-30,25,2013,78000000,89100000
Reading,REA,19,38,6,10,22,43,73,-30,28,2013,46000000,89100000
Southampton,SOU,14,38,9,14,15,49,60,-11,41,2013,47000000,89100000
Stoke City,STK,13,38,9,15,14,34,45,-11,42,2013,60000000,89100000
Sunderland,SUN,17,38,9,12,17,41,54,-13,39,2013,58000000,89100000
Swansea City,SWA,9,38,11,13,14,47,51,-4,46,2013,49000000,89100000
Tottenham Hotspur,TOT,5,38,21,9,8,66,46,20,72,2013,96000000,89100000
West Bromwich Albion,WBA,8,38,14,7,17,53,57,-4,49,2013,54000000,89100000
Wigan Athletic,WGA,18,38,9,9,20,47,73,-26,36,2013,44000000,89100000
West Ham United,WHU,10,38,12,10,16,45,53,-8,46,2013,56000000,89100000
Arsenal,ARS,4,38,24,7,7,68,41,27,79,2014,71994000,48039500
Aston Villa,AVL,15,38,10,8,20,39,61,-22,38,2014,33046000,48039500
Cardiff City,CAR,20,38,7,9,22,32,74,-42,30,2014,27872000,48039500
Chelsea,CHE,3,38,25,7,6,71,27,44,82,2014,102922000,48039500
Crystal Palace,CRY,11,38,13,6,19,33,48,-15,45,2014,19377000,48039500
Everton,EVE,5,38,21,9,8,61,39,22,72,2014,52840000,48039500
Fulham,FUL,19,38,9,5,24,40,85,-45,32,2014,33327000,48039500
Hull City,HUL,16,38,10,7,21,38,53,-15,37,2014,21024000,48039500
Liverpool,LIV,2,38,26,6,6,101,50,51,84,2014,65647000,48039500
Manchester United,MAN,7,38,19,7,12,64,43,21,64,2014,97292000,48039500
Manchester City,MNC,1,38,27,5,6,102,37,65,86,2014,113254000,48039500
Newcastle United,NEW,10,38,15,4,19,43,59,-16,49,2014,36448000,48039500
Norwich City,NOR,18,38,8,9,21,28,62,-34,33,2014,27829000,48039500
Southampton,SOU,8,38,15,11,12,54,46,8,56,2014,27906000,48039500
Stoke City,STK,9,38,13,11,14,45,52,-7,50,2014,33927000,48039500
Sunderland,SUN,14,38,10,8,20,41,60,-19,38,2014,41565000,48039500
Swansea City,SWA,12,38,11,9,18,54,54,0,42,2014,21459000,48039500
Tottenham Hotspur,TOT,6,38,21,6,11,55,51,4,69,2014,51251000,48039500
West Bromwich Albion,WBA,17,38,7,15,16,43,59,-16,36,2014,34543000,48039500
West Ham United,WHU,13,38,11,7,20,40,51,-11,40,2014,47267000,48039500
Arsenal,ARS,3,38,22,9,7,71,36,35,75,2015,94677000,55916250
Aston Villa,AVL,17,38,10,8,20,31,57,-26,38,2015,33119000,55916250
Burnley,BUR,19,38,7,12,19,28,53,-25,33,2015,15581000,55916250
Chelsea,CHE,1,38,26,9,3,73,32,41,87,2015,104644000,55916250
Crystal Palace,CRY,10,38,13,9,16,47,51,-4,48,2015,31704000,55916250
Everton,EVE,11,38,12,11,15,48,50,-2,47,2015,50455000,55916250
Hull City,HUL,18,38,8,11,19,33,51,-18,35,2015,36795000,55916250
Leicester City,LEI,14,38,11,8,19,46,55,-9,41,2015,33418000,55916250
Liverpool,LIV,6,38,18,8,12,52,48,4,62,2015,82030000,55916250
Manchester United,MAN,4,38,20,10,8,62,37,25,70,2015,141120000,55916250
Manchester City,MNC,2,38,24,7,7,83,38,45,79,2015,122296000,55916250
Newcastle United,NEW,15,38,10,9,19,40,63,-23,39,2015,32733000,55916250
Queens Park Rangers,QPR,20,38,8,6,24,42,73,-31,30,2015,45100000,55916250
Southampton,SOU,7,38,18,6,14,54,33,21,60,2015,42557000,55916250
Stoke City,STK,9,38,15,9,14,48,45,3,54,2015,36713000,55916250
Sunderland,SUN,16,38,7,17,14,31,53,-22,38,2015,38626000,55916250
Swansea City,SWA,8,38,16,8,14,46,49,-3,56,2015,30019000,55916250
Tottenham Hotspur,TOT,5,38,19,7,12,58,53,5,64,2015,65790000,55916250
West Bromwich Albion,WBA,13,38,11,11,16,38,51,-13,44,2015,35490000,55916250
West Ham United,WHU,12,38,12,11,15,44,47,-3,47,2015,45458000,55916250
Arsenal,ARS,2,38,20,11,7,65,36,29,71,2016,98190000,59341150
Aston Villa,AVL,20,38,3,8,27,27,76,-49,17,2016,37231000,59341150
AFC Bournemouth,BOU,16,38,11,9,18,45,67,-22,42,2016,26453000,59341150
Chelsea,CHE,10,38,12,14,12,59,53,6,50,2016,99939000,59341150
Crystal Palace,CRY,15,38,11,9,18,39,51,-12,42,2016,54189000,59341150
Everton,EVE,11,38,11,14,13,59,55,4,47,2016,55323000,59341150
Leicester City,LEI,1,38,23,12,3,68,36,32,81,2016,36878000,59341150
Liverpool,LIV,8,38,16,12,10,63,50,13,60,2016,94957000,59341150
Manchester United,MAN,5,38,19,9,10,49,35,14,66,2016,124573000,59341150
Manchester City,MNC,4,38,19,9,10,71,41,30,66,2016,126956000,59341150
Newcastle United,NEW,18,38,9,10,19,44,65,-21,37,2016,49255000,59341150
Norwich City,NOR,19,38,9,7,22,39,67,-28,34,2016,32656000,59341150
Southampton,SOU,6,38,18,9,11,59,41,18,63,2016,42983000,59341150
Stoke City,STK,9,38,14,9,15,41,55,-14,51,2016,42158000,59341150
Sunderland,SUN,17,38,9,12,17,48,62,-14,39,2016,46349000,59341150
Swansea City,SWA,12,38,12,11,15,42,52,-10,47,2016,40612000,59341150
Tottenham Hotspur,TOT,3,38,19,13,6,69,35,34,70,2016,54248000,59341150
Watford,WAT,13,38,12,9,17,40,50,-10,45,2016,29019000,59341150
West Bromwich Albion,WBA,14,38,10,13,15,34,48,-14,43,2016,41521000,59341150
West Ham United,WHU,7,38,16,14,8,65,51,14,62,2016,53333000,59341150
Arsenal,ARS,5,38,23,6,9,77,44,33,75,2017,103365000,67111550
AFC Bournemouth,BOU,9,38,12,10,16,55,67,-12,46,2017,35665000,67111550
Burnley,BUR,16,38,11,7,20,39,55,-16,40,2017,24414000,67111550
Chelsea,CHE,1,38,30,3,5,85,33,52,93,2017,98614000,67111550
Crystal Palace,CRY,14,38,12,5,21,50,63,-13,41,2017,72219000,67111550
Everton,EVE,7,38,17,10,11,62,44,18,61,2017,67837000,67111550
Hull City,HUL,18,38,9,7,22,37,80,-43,34,2017,42145000,67111550
Leicester City,LEI,12,38,12,8,18,48,63,-15,44,2017,63701000,67111550
Liverpool,LIV,4,38,22,10,6,78,42,36,76,2017,91686000,67111550
Manchester United,MAN,6,38,18,15,5,54,29,25,69,2017,157508000,67111550
Middlesbrough,MID,19,38,5,13,20,27,53,-26,28,2017,38868000,67111550
Manchester City,MNC,3,38,23,9,6,80,39,41,78,2017,137961000,67111550
Southampton,SOU,8,38,12,10,16,41,48,-7,46,2017,58272000,67111550
Stoke City,STK,13,38,11,11,16,41,56,-15,44,2017,51762000,67111550
Sunderland,SUN,20,38,6,6,26,29,69,-40,24,2017,47762000,67111550
Swansea City,SWA,15,38,12,5,21,45,70,-25,41,2017,39728000,67111550
Tottenham Hotspur,TOT,2,38,26,8,4,86,26,60,86,2017,71214000,67111550
Watford,WAT,17,38,11,7,20,40,68,-28,40,2017,41998000,67111550
West Bromwich Albion,WBA,10,38,12,9,17,43,51,-8,45,2017,40960000,67111550
West Ham United,WHU,11,38,12,9,17,47,64,-17,45,2017,56552000,67111550
Arsenal,ARS,6,38,19,6,13,74,51,23,63,2018,158256000,75723000
Brighton & Hove Albion,BHA,15,38,9,13,16,34,54,-20,40,2018,39909000,75723000
AFC Bournemouth,BOU,12,38,11,11,16,45,61,-16,44,2018,43061000,75723000
Burnley,BUR,7,38,14,12,12,36,39,-3,54,2018,32557000,75723000
Chelsea,CHE,5,38,21,7,10,62,38,24,70,2018,121662000,75723000
Crystal Palace,CRY,11,38,11,11,16,45,55,-10,44,2018,68041000,75723000
Everton,EVE,8,38,13,10,15,44,58,-14,49,2018,85440000,75723000
Huddersfield Town,HUD,16,38,9,10,19,28,58,-30,37,2018,25607000,75723000
Leicester City,LEI,9,38,12,11,15,56,60,-4,47,2018,64107000,75723000
Liverpool,LIV,4,38,21,12,5,84,38,46,75,2018,95673000,75723000
Manchester United,MAN,2,38,25,6,7,68,28,40,81,2018,166171000,75723000
Manchester City,MNC,1,38,32,4,2,106,27,79,100,2018,151498000,75723000
Newcastle United,NEW,10,38,12,8,18,39,47,-8,44,2018,42219000,75723000
Southampton,SOU,17,38,7,15,16,37,56,-19,36,2018,68073000,75723000
Stoke City,STK,19,38,7,12,19,35,68,-33,33,2018,49052000,75723000
Swansea City,SWA,18,38,8,9,21,28,56,-28,33,2018,47773000,75723000
Tottenham Hotspur,TOT,3,38,23,8,7,74,36,38,77,2018,80298000,75723000
Watford,WAT,14,38,11,8,19,44,64,-20,41,2018,46476000,75723000
West Bromwich Albion,WBA,20,38,6,13,19,31,56,-25,31,2018,59054000,75723000
West Ham United,WHU,13,38,10,12,16,48,68,-20,42,2018,69533000,75723000
Arsenal,ARS,5,38,21,7,10,73,51,22,70,2019,135360000,80215725
Brighton & Hove Albion,BHA,17,38,9,9,20,35,60,-25,36,2019,42821000,80215725
AFC Bournemouth,BOU,14,38,13,6,19,56,70,-14,45,2019,52690000,80215725
Burnley,BUR,15,38,11,7,20,45,68,-23,40,2019,44263000,80215725
Cardiff City,CAR,18,38,10,4,24,34,69,-35,34,2019,32990000,80215725
Chelsea,CHE,3,38,21,9,8,63,39,24,72,2019,157507000,80215725
Crystal Palace,CRY,12,38,14,7,17,51,53,-2,49,2019,74701000,80215725
Everton,EVE,8,38,15,9,14,54,46,8,54,2019,85707000,80215725
Fulham,FUL,19,38,7,5,26,34,81,-47,26,2019,50919000,80215725
Huddersfield Town,HUD,20,38,3,7,28,22,76,-54,16,2019,35115000,80215725
Leicester City,LEI,9,38,15,7,16,51,48,3,52,2019,79900000,80215725
Liverpool,LIV,2,38,30,7,1,89,22,67,97,2019,127460000,80215725
Manchester United,MAN,6,38,19,9,10,65,54,11,66,2019,151325000,80215725
Manchester City,MNC,1,38,32,2,4,95,23,72,98,2019,150611000,80215725
Newcastle United,NEW,13,38,12,9,17,42,48,-6,45,2019,49845000,80215725
Southampton,SOU,16,38,9,12,17,45,65,-20,39,2019,72514500,80215725
Tottenham Hotspur,TOT,4,38,23,2,13,67,39,28,71,2019,91206000,80215725
Watford,WAT,11,38,14,8,16,52,59,-7,50,2019,49398000,80215725
West Ham United,WHU,10,38,15,7,16,52,55,-3,52,2019,82795000,80215725
Wolverhampton Wanderers,WOL,7,38,16,9,13,47,46,1,57,2019,37187000,80215725
Arsenal,ARS,8,38,14,14,10,56,48,8,56,2020,118540000,77751800
Aston Villa,AVL,17,38,9,8,21,41,67,-26,35,2020,51150000,77751800
Brighton & Hove Albion,BHA,15,38,9,14,15,39,54,-15,41,2020,48720000,77751800
AFC Bournemouth,BOU,18,38,9,7,22,40,65,-25,34,2020,42350000,77751800
Burnley,BUR,10,38,15,9,14,43,50,-7,54,2020,44470000,77751800
Chelsea,CHE,4,38,20,6,12,69,54,15,66,2020,119650000,77751800
Crystal Palace,CRY,14,38,11,10,17,31,50,-19,43,2020,74290000,77751800
Everton,EVE,12,38,13,10,15,44,56,-12,49,2020,87930000,77751800
Leicester City,LEI,5,38,18,8,12,67,41,26,62,2020,73530000,77751800
Liverpool,LIV,1,38,32,3,3,85,33,52,99,2020,114870000,77751800
Manchester United,MAN,3,38,18,12,8,66,36,30,66,2020,165440000,77751800
Manchester City,MNC,2,38,26,3,9,102,35,67,81,2020,148990000,77751800
Newcastle United,NEW,13,38,11,11,16,38,58,-20,44,2020,67310000,77751800
Norwich City,NOR,20,38,5,6,27,26,75,-49,21,2020,26190000,77751800
Sheffield United,SHU,9,38,14,12,12,39,39,0,54,2020,24180000,77751800
Southampton,SOU,11,38,15,7,16,51,60,-9,52,2020,53540000,77751800
Tottenham Hotspur,TOT,6,38,16,11,11,61,47,14,59,2020,107580000,77751800
Watford,WAT,19,38,8,10,20,36,64,-28,34,2020,57670000,77751800
West Ham United,WHU,16,38,10,9,19,49,62,-13,39,2020,74506000,77751800
Wolverhampton Wanderers,WOL,7,38,15,14,9,51,40,11,59,2020,54130000,77751800
Arsenal,ARS,8,38,18,7,13,55,39,16,61,2021,147450000,83338666.8
Aston Villa,AVL,11,38,16,7,15,55,46,9,55,2021,62113024,83338666.8
Brighton & Hove Albion,BHA,16,38,9,14,15,40,46,-6,41,2021,51578900,83338666.8
Burnley,BUR,17,38,10,9,19,33,55,-22,39,2021,36751000,83338666.8
Chelsea,CHE,4,38,19,10,9,58,36,22,67,2021,147811988,83338666.8
Crystal Palace,CRY,14,38,12,8,18,41,66,-25,44,2021,88735000,83338666.8
Everton,EVE,10,38,17,8,13,47,48,-1,59,2021,92073000,83338666.8
Fulham,FUL,18,38,5,13,20,27,53,-26,28,2021,52168824,83338666.8
Leeds United,LEE,9,38,18,5,15,62,54,8,59,2021,24186400,83338666.8
Leicester City,LEI,5,38,20,6,12,68,50,18,66,2021,77526000,83338666.8
Liverpool,LIV,3,38,20,9,9,68,42,26,69,2021,130920000,83338666.8
Manchester United,MAN,2,38,21,11,6,73,44,29,74,2021,193410000,83338666.8
Manchester City,MNC,1,38,27,5,6,83,32,51,86,2021,137678000,83338666.8
Newcastle United,NEW,12,38,12,9,17,46,62,-16,45,2021,57546000,83338666.8
Sheffield United,SHU,20,38,7,2,29,20,63,-43,23,2021,20087200,83338666.8
Southampton,SOU,15,38,12,7,19,47,68,-21,43,2021,57184000,83338666.8
Tottenham Hotspur,TOT,7,38,18,8,12,68,45,23,62,2021,134476000,83338666.8
West Bromwich Albion,WBA,19,38,5,11,22,35,76,-41,26,2021,37088200,83338666.8
West Ham United,WHU,6,38,19,8,11,62,47,15,65,2021,66476000,83338666.8
Wolverhampton Wanderers,WOL,13,38,12,9,17,36,52,-16,45,2021,51513800,83338666.8
Arsenal,ARS,5,38,22,3,13,61,48,13,69,2022,114370000,85168900
Aston Villa,AVL,14,38,13,6,19,52,54,-2,45,2022,71490000,85168900
Brighton & Hove Albion,BHA,9,38,12,15,11,42,44,-2,51,2022,46470000,85168900
Brentford,BRE,13,38,13,7,18,48,56,-8,46,2022,21130000,85168900
Burnley,BUR,18,38,7,14,17,34,53,-19,35,2022,39520000,85168900
Chelsea,CHE,3,38,21,11,6,76,33,43,74,2022,175890000,85168900
Crystal Palace,CRY,12,38,11,15,12,50,46,4,48,2022,72950000,85168900
Everton,EVE,16,38,11,6,21,43,66,-23,39,2022,92698000,85168900
Leeds United,LEE,17,38,9,11,18,42,79,-37,38,2022,23810000,85168900
Leicester City,LEI,8,38,14,10,14,62,59,3,52,2022,74370000,85168900
Liverpool,LIV,2,38,28,8,2,94,26,68,92,2022,144412000,85168900
Manchester United,MAN,6,38,16,10,12,57,57,0,58,2022,238850000,85168900
Manchester City,MNC,1,38,29,6,3,99,26,73,93,2022,151552000,85168900
Newcastle United,NEW,11,38,13,10,15,44,62,-18,49,2022,68570000,85168900
Norwich City,NOR,20,38,5,7,26,23,84,-61,22,2022,31320000,85168900
Southampton,SOU,15,38,9,13,16,43,67,-24,40,2022,52580000,85168900
Tottenham Hotspur,TOT,4,38,22,5,11,69,40,29,71,2022,110190000,85168900
Watford,WAT,19,38,6,5,27,34,77,-43,23,2022,41380000,85168900
West Ham United,WHU,7,38,16,8,14,60,51,9,56,2022,74556000,85168900
Wolverhampton Wanderers,WOL,10,38,15,6,17,38,43,-5,51,2022,57270000,85168900
